Date,DateKey,Day,Month,MonthName,Quarter,QuarterName,Year,DayOfWeek,DayOfWeekName,IsWeekend,WeekOfYear,FirstDayOfMonth,LastDayOfMonth,EndOfWeek
2023-01-02,20230102,2,1,January,1,2023Q1,2023,1,Monday,False,1,2023-01-01,2023-01-31,2023-01-08
2023-01-03,20230103,3,1,January,1,2023Q1,2023,2,Tuesday,False,1,2023-01-01,2023-01-31,2023-01-08
2023-01-04,20230104,4,1,January,1,2023Q1,2023,3,Wednesday,False,1,2023-01-01,2023-01-31,2023-01-08
2023-01-05,20230105,5,1,January,1,2023Q1,2023,4,Thursday,False,1,2023-01-01,2023-01-31,2023-01-08
2023-01-06,20230106,6,1,January,1,2023Q1,2023,5,Friday,False,1,2023-01-01,2023-01-31,2023-01-08
2023-01-09,20230109,9,1,January,1,2023Q1,2023,1,Monday,False,2,2023-01-01,2023-01-31,2023-01-15
2023-01-10,20230110,10,1,January,1,2023Q1,2023,2,Tuesday,False,2,2023-01-01,2023-01-31,2023-01-15
2023-01-11,20230111,11,1,January,1,2023Q1,2023,3,Wednesday,False,2,2023-01-01,2023-01-31,2023-01-15
2023-01-12,20230112,12,1,January,1,2023Q1,2023,4,Thursday,False,2,2023-01-01,2023-01-31,2023-01-15
2023-01-13,20230113,13,1,January,1,2023Q1,2023,5,Friday,False,2,2023-01-01,2023-01-31,2023-01-15
2023-01-16,20230116,16,1,January,1,2023Q1,2023,1,Monday,False,3,2023-01-01,2023-01-31,2023-01-22
2023-01-17,20230117,17,1,January,1,2023Q1,2023,2,Tuesday,False,3,2023-01-01,2023-01-31,2023-01-22
2023-01-18,20230118,18,1,January,1,2023Q1,2023,3,Wednesday,False,3,2023-01-01,2023-01-31,2023-01-22
2023-01-19,20230119,19,1,January,1,2023Q1,2023,4,Thursday,False,3,2023-01-01,2023-01-31,2023-01-22
2023-01-20,20230120,20,1,January,1,2023Q1,2023,5,Friday,False,3,2023-01-01,2023-01-31,2023-01-22
2023-01-23,20230123,23,1,January,1,2023Q1,2023,1,Monday,False,4,2023-01-01,2023-01-31,2023-01-29
2023-01-24,20230124,24,1,January,1,2023Q1,2023,2,Tuesday,False,4,2023-01-01,2023-01-31,2023-01-29
2023-01-25,20230125,25,1,January,1,2023Q1,2023,3,Wednesday,False,4,2023-01-01,2023-01-31,2023-01-29
2023-01-27,20230127,27,1,January,1,2023Q1,2023,5,Friday,False,4,2023-01-01,2023-01-31,2023-01-29
2023-01-30,20230130,30,1,January,1,2023Q1,2023,1,Monday,False,5,2023-01-01,2023-01-31,2023-02-05
2023-01-31,20230131,31,1,January,1,2023Q1,2023,2,Tuesday,False,5,2023-01-01,2023-01-31,2023-02-05
2023-02-01,20230201,1,2,February,1,2023Q1,2023,3,Wednesday,False,5,2023-02-01,2023-02-28,2023-02-05
2023-02-02,20230202,2,2,February,1,2023Q1,2023,4,Thursday,False,5,2023-02-01,2023-02-28,2023-02-05
2023-02-03,20230203,3,2,February,1,2023Q1,2023,5,Friday,False,5,2023-02-01,2023-02-28,2023-02-05
2023-02-06,20230206,6,2,February,1,2023Q1,2023,1,Monday,False,6,2023-02-01,2023-02-28,2023-02-12
2023-02-07,20230207,7,2,February,1,2023Q1,2023,2,Tuesday,False,6,2023-02-01,2023-02-28,2023-02-12
2023-02-08,20230208,8,2,February,1,2023Q1,2023,3,Wednesday,False,6,2023-02-01,2023-02-28,2023-02-12
2023-02-09,20230209,9,2,February,1,2023Q1,2023,4,Thursday,False,6,2023-02-01,2023-02-28,2023-02-12
2023-02-10,20230210,10,2,February,1,2023Q1,2023,5,Friday,False,6,2023-02-01,2023-02-28,2023-02-12
2023-02-13,20230213,13,2,February,1,2023Q1,2023,1,Monday,False,7,2023-02-01,2023-02-28,2023-02-19
2023-02-14,20230214,14,2,February,1,2023Q1,2023,2,Tuesday,False,7,2023-02-01,2023-02-28,2023-02-19
2023-02-15,20230215,15,2,February,1,2023Q1,2023,3,Wednesday,False,7,2023-02-01,2023-02-28,2023-02-19
2023-02-16,20230216,16,2,February,1,2023Q1,2023,4,Thursday,False,7,2023-02-01,2023-02-28,2023-02-19
2023-02-17,20230217,17,2,February,1,2023Q1,2023,5,Friday,False,7,2023-02-01,2023-02-28,2023-02-19
2023-02-20,20230220,20,2,February,1,2023Q1,2023,1,Monday,False,8,2023-02-01,2023-02-28,2023-02-26
2023-02-21,20230221,21,2,February,1,2023Q1,2023,2,Tuesday,False,8,2023-02-01,2023-02-28,2023-02-26
2023-02-22,20230222,22,2,February,1,2023Q1,2023,3,Wednesday,False,8,2023-02-01,2023-02-28,2023-02-26
2023-02-23,20230223,23,2,February,1,2023Q1,2023,4,Thursday,False,8,2023-02-01,2023-02-28,2023-02-26
2023-02-24,20230224,24,2,February,1,2023Q1,2023,5,Friday,False,8,2023-02-01,2023-02-28,2023-02-26
2023-02-27,20230227,27,2,February,1,2023Q1,2023,1,Monday,False,9,2023-02-01,2023-02-28,2023-03-05
2023-02-28,20230228,28,2,February,1,2023Q1,2023,2,Tuesday,False,9,2023-02-01,2023-02-28,2023-03-05
2023-03-01,20230301,1,3,March,1,2023Q1,2023,3,Wednesday,False,9,2023-03-01,2023-03-31,2023-03-05
2023-03-02,20230302,2,3,March,1,2023Q1,2023,4,Thursday,False,9,2023-03-01,2023-03-31,2023-03-05
2023-03-03,20230303,3,3,March,1,2023Q1,2023,5,Friday,False,9,2023-03-01,2023-03-31,2023-03-05
2023-03-06,20230306,6,3,March,1,2023Q1,2023,1,Monday,False,10,2023-03-01,2023-03-31,2023-03-12
2023-03-08,20230308,8,3,March,1,2023Q1,2023,3,Wednesday,False,10,2023-03-01,2023-03-31,2023-03-12
2023-03-09,20230309,9,3,March,1,2023Q1,2023,4,Thursday,False,10,2023-03-01,2023-03-31,2023-03-12
2023-03-10,20230310,10,3,March,1,2023Q1,2023,5,Friday,False,10,2023-03-01,2023-03-31,2023-03-12
2023-03-13,20230313,13,3,March,1,2023Q1,2023,1,Monday,False,11,2023-03-01,2023-03-31,2023-03-19
2023-03-14,20230314,14,3,March,1,2023Q1,2023,2,Tuesday,False,11,2023-03-01,2023-03-31,2023-03-19
2023-03-15,20230315,15,3,March,1,2023Q1,2023,3,Wednesday,False,11,2023-03-01,2023-03-31,2023-03-19
2023-03-16,20230316,16,3,March,1,2023Q1,2023,4,Thursday,False,11,2023-03-01,2023-03-31,2023-03-19
2023-03-17,20230317,17,3,March,1,2023Q1,2023,5,Friday,False,11,2023-03-01,2023-03-31,2023-03-19
2023-03-20,20230320,20,3,March,1,2023Q1,2023,1,Monday,False,12,2023-03-01,2023-03-31,2023-03-26
2023-03-21,20230321,21,3,March,1,2023Q1,2023,2,Tuesday,False,12,2023-03-01,2023-03-31,2023-03-26
2023-03-22,20230322,22,3,March,1,2023Q1,2023,3,Wednesday,False,12,2023-03-01,2023-03-31,2023-03-26
2023-03-23,20230323,23,3,March,1,2023Q1,2023,4,Thursday,False,12,2023-03-01,2023-03-31,2023-03-26
2023-03-24,20230324,24,3,March,1,2023Q1,2023,5,Friday,False,12,2023-03-01,2023-03-31,2023-03-26
2023-03-27,20230327,27,3,March,1,2023Q1,2023,1,Monday,False,13,2023-03-01,2023-03-31,2023-04-02
2023-03-28,20230328,28,3,March,1,2023Q1,2023,2,Tuesday,False,13,2023-03-01,2023-03-31,2023-04-02
2023-03-29,20230329,29,3,March,1,2023Q1,2023,3,Wednesday,False,13,2023-03-01,2023-03-31,2023-04-02
2023-03-31,20230331,31,3,March,1,2023Q1,2023,5,Friday,False,13,2023-03-01,2023-03-31,2023-04-02
2023-04-03,20230403,3,4,April,2,2023Q2,2023,1,Monday,False,14,2023-04-01,2023-04-30,2023-04-09
2023-04-05,20230405,5,4,April,2,2023Q2,2023,3,Wednesday,False,14,2023-04-01,2023-04-30,2023-04-09
2023-04-06,20230406,6,4,April,2,2023Q2,2023,4,Thursday,False,14,2023-04-01,2023-04-30,2023-04-09
2023-04-10,20230410,10,4,April,2,2023Q2,2023,1,Monday,False,15,2023-04-01,2023-04-30,2023-04-16
2023-04-11,20230411,11,4,April,2,2023Q2,2023,2,Tuesday,False,15,2023-04-01,2023-04-30,2023-04-16
2023-04-12,20230412,12,4,April,2,2023Q2,2023,3,Wednesday,False,15,2023-04-01,2023-04-30,2023-04-16
2023-04-13,20230413,13,4,April,2,2023Q2,2023,4,Thursday,False,15,2023-04-01,2023-04-30,2023-04-16
2023-04-17,20230417,17,4,April,2,2023Q2,2023,1,Monday,False,16,2023-04-01,2023-04-30,2023-04-23
2023-04-18,20230418,18,4,April,2,2023Q2,2023,2,Tuesday,False,16,2023-04-01,2023-04-30,2023-04-23
2023-04-19,20230419,19,4,April,2,2023Q2,2023,3,Wednesday,False,16,2023-04-01,2023-04-30,2023-04-23
2023-04-20,20230420,20,4,April,2,2023Q2,2023,4,Thursday,False,16,2023-04-01,2023-04-30,2023-04-23
2023-04-21,20230421,21,4,April,2,2023Q2,2023,5,Friday,False,16,2023-04-01,2023-04-30,2023-04-23
2023-04-24,20230424,24,4,April,2,2023Q2,2023,1,Monday,False,17,2023-04-01,2023-04-30,2023-04-30
2023-04-25,20230425,25,4,April,2,2023Q2,2023,2,Tuesday,False,17,2023-04-01,2023-04-30,2023-04-30
2023-04-26,20230426,26,4,April,2,2023Q2,2023,3,Wednesday,False,17,2023-04-01,2023-04-30,2023-04-30
2023-04-27,20230427,27,4,April,2,2023Q2,2023,4,Thursday,False,17,2023-04-01,2023-04-30,2023-04-30
2023-04-28,20230428,28,4,April,2,2023Q2,2023,5,Friday,False,17,2023-04-01,2023-04-30,2023-04-30
2023-05-02,20230502,2,5,May,2,2023Q2,2023,2,Tuesday,False,18,2023-05-01,2023-05-31,2023-05-07
2023-05-03,20230503,3,5,May,2,2023Q2,2023,3,Wednesday,False,18,2023-05-01,2023-05-31,2023-05-07
2023-05-04,20230504,4,5,May,2,2023Q2,2023,4,Thursday,False,18,2023-05-01,2023-05-31,2023-05-07
2023-05-05,20230505,5,5,May,2,2023Q2,2023,5,Friday,False,18,2023-05-01,2023-05-31,2023-05-07
2023-05-08,20230508,8,5,May,2,2023Q2,2023,1,Monday,False,19,2023-05-01,2023-05-31,2023-05-14
2023-05-09,20230509,9,5,May,2,2023Q2,2023,2,Tuesday,False,19,2023-05-01,2023-05-31,2023-05-14
2023-05-10,20230510,10,5,May,2,2023Q2,2023,3,Wednesday,False,19,2023-05-01,2023-05-31,2023-05-14
2023-05-11,20230511,11,5,May,2,2023Q2,2023,4,Thursday,False,19,2023-05-01,2023-05-31,2023-05-14
2023-05-12,20230512,12,5,May,2,2023Q2,2023,5,Friday,False,19,2023-05-01,2023-05-31,2023-05-14
2023-05-15,20230515,15,5,May,2,2023Q2,2023,1,Monday,False,20,2023-05-01,2023-05-31,2023-05-21
2023-05-16,20230516,16,5,May,2,2023Q2,2023,2,Tuesday,False,20,2023-05-01,2023-05-31,2023-05-21
2023-05-17,20230517,17,5,May,2,2023Q2,2023,3,Wednesday,False,20,2023-05-01,2023-05-31,2023-05-21
2023-05-18,20230518,18,5,May,2,2023Q2,2023,4,Thursday,False,20,2023-05-01,2023-05-31,2023-05-21
2023-05-19,20230519,19,5,May,2,2023Q2,2023,5,Friday,False,20,2023-05-01,2023-05-31,2023-05-21
2023-05-22,20230522,22,5,May,2,2023Q2,2023,1,Monday,False,21,2023-05-01,2023-05-31,2023-05-28
2023-05-23,20230523,23,5,May,2,2023Q2,2023,2,Tuesday,False,21,2023-05-01,2023-05-31,2023-05-28
2023-05-24,20230524,24,5,May,2,2023Q2,2023,3,Wednesday,False,21,2023-05-01,2023-05-31,2023-05-28
2023-05-25,20230525,25,5,May,2,2023Q2,2023,4,Thursday,False,21,2023-05-01,2023-05-31,2023-05-28
2023-05-26,20230526,26,5,May,2,2023Q2,2023,5,Friday,False,21,2023-05-01,2023-05-31,2023-05-28
2023-05-29,20230529,29,5,May,2,2023Q2,2023,1,Monday,False,22,2023-05-01,2023-05-31,2023-06-04
2023-05-30,20230530,30,5,May,2,2023Q2,2023,2,Tuesday,False,22,2023-05-01,2023-05-31,2023-06-04
2023-05-31,20230531,31,5,May,2,2023Q2,2023,3,Wednesday,False,22,2023-05-01,2023-05-31,2023-06-04
2023-06-01,20230601,1,6,June,2,2023Q2,2023,4,Thursday,False,22,2023-06-01,2023-06-30,2023-06-04
2023-06-02,20230602,2,6,June,2,2023Q2,2023,5,Friday,False,22,2023-06-01,2023-06-30,2023-06-04
2023-06-05,20230605,5,6,June,2,2023Q2,2023,1,Monday,False,23,2023-06-01,2023-06-30,2023-06-11
2023-06-06,20230606,6,6,June,2,2023Q2,2023,2,Tuesday,False,23,2023-06-01,2023-06-30,2023-06-11
2023-06-07,20230607,7,6,June,2,2023Q2,2023,3,Wednesday,False,23,2023-06-01,2023-06-30,2023-06-11
2023-06-08,20230608,8,6,June,2,2023Q2,2023,4,Thursday,False,23,2023-06-01,2023-06-30,2023-06-11
2023-06-09,20230609,9,6,June,2,2023Q2,2023,5,Friday,False,23,2023-06-01,2023-06-30,2023-06-11
2023-06-12,20230612,12,6,June,2,2023Q2,2023,1,Monday,False,24,2023-06-01,2023-06-30,2023-06-18
2023-06-13,20230613,13,6,June,2,2023Q2,2023,2,Tuesday,False,24,2023-06-01,2023-06-30,2023-06-18
2023-06-14,20230614,14,6,June,2,2023Q2,2023,3,Wednesday,False,24,2023-06-01,2023-06-30,2023-06-18
2023-06-15,20230615,15,6,June,2,2023Q2,2023,4,Thursday,False,24,2023-06-01,2023-06-30,2023-06-18
2023-06-16,20230616,16,6,June,2,2023Q2,2023,5,Friday,False,24,2023-06-01,2023-06-30,2023-06-18
2023-06-19,20230619,19,6,June,2,2023Q2,2023,1,Monday,False,25,2023-06-01,2023-06-30,2023-06-25
2023-06-20,20230620,20,6,June,2,2023Q2,2023,2,Tuesday,False,25,2023-06-01,2023-06-30,2023-06-25
2023-06-21,20230621,21,6,June,2,2023Q2,2023,3,Wednesday,False,25,2023-06-01,2023-06-30,2023-06-25
2023-06-22,20230622,22,6,June,2,2023Q2,2023,4,Thursday,False,25,2023-06-01,2023-06-30,2023-06-25
2023-06-23,20230623,23,6,June,2,2023Q2,2023,5,Friday,False,25,2023-06-01,2023-06-30,2023-06-25
2023-06-26,20230626,26,6,June,2,2023Q2,2023,1,Monday,False,26,2023-06-01,2023-06-30,2023-07-02
2023-06-27,20230627,27,6,June,2,2023Q2,2023,2,Tuesday,False,26,2023-06-01,2023-06-30,2023-07-02
2023-06-28,20230628,28,6,June,2,2023Q2,2023,3,Wednesday,False,26,2023-06-01,2023-06-30,2023-07-02
2023-06-30,20230630,30,6,June,2,2023Q2,2023,5,Friday,False,26,2023-06-01,2023-06-30,2023-07-02
2023-07-03,20230703,3,7,July,3,2023Q3,2023,1,Monday,False,27,2023-07-01,2023-07-31,2023-07-09
2023-07-04,20230704,4,7,July,3,2023Q3,2023,2,Tuesday,False,27,2023-07-01,2023-07-31,2023-07-09
2023-07-05,20230705,5,7,July,3,2023Q3,2023,3,Wednesday,False,27,2023-07-01,2023-07-31,2023-07-09
2023-07-06,20230706,6,7,July,3,2023Q3,2023,4,Thursday,False,27,2023-07-01,2023-07-31,2023-07-09
2023-07-07,20230707,7,7,July,3,2023Q3,2023,5,Friday,False,27,2023-07-01,2023-07-31,2023-07-09
2023-07-10,20230710,10,7,July,3,2023Q3,2023,1,Monday,False,28,2023-07-01,2023-07-31,2023-07-16
2023-07-11,20230711,11,7,July,3,2023Q3,2023,2,Tuesday,False,28,2023-07-01,2023-07-31,2023-07-16
2023-07-12,20230712,12,7,July,3,2023Q3,2023,3,Wednesday,False,28,2023-07-01,2023-07-31,2023-07-16
2023-07-13,20230713,13,7,July,3,2023Q3,2023,4,Thursday,False,28,2023-07-01,2023-07-31,2023-07-16
2023-07-14,20230714,14,7,July,3,2023Q3,2023,5,Friday,False,28,2023-07-01,2023-07-31,2023-07-16
2023-07-17,20230717,17,7,July,3,2023Q3,2023,1,Monday,False,29,2023-07-01,2023-07-31,2023-07-23
2023-07-18,20230718,18,7,July,3,2023Q3,2023,2,Tuesday,False,29,2023-07-01,2023-07-31,2023-07-23
2023-07-19,20230719,19,7,July,3,2023Q3,2023,3,Wednesday,False,29,2023-07-01,2023-07-31,2023-07-23
2023-07-20,20230720,20,7,July,3,2023Q3,2023,4,Thursday,False,29,2023-07-01,2023-07-31,2023-07-23
2023-07-21,20230721,21,7,July,3,2023Q3,2023,5,Friday,False,29,2023-07-01,2023-07-31,2023-07-23
2023-07-24,20230724,24,7,July,3,2023Q3,2023,1,Monday,False,30,2023-07-01,2023-07-31,2023-07-30
2023-07-25,20230725,25,7,July,3,2023Q3,2023,2,Tuesday,False,30,2023-07-01,2023-07-31,2023-07-30
2023-07-26,20230726,26,7,July,3,2023Q3,2023,3,Wednesday,False,30,2023-07-01,2023-07-31,2023-07-30
2023-07-27,20230727,27,7,July,3,2023Q3,2023,4,Thursday,False,30,2023-07-01,2023-07-31,2023-07-30
2023-07-28,20230728,28,7,July,3,2023Q3,2023,5,Friday,False,30,2023-07-01,2023-07-31,2023-07-30
2023-07-31,20230731,31,7,July,3,2023Q3,2023,1,Monday,False,31,2023-07-01,2023-07-31,2023-08-06
2023-08-01,20230801,1,8,August,3,2023Q3,2023,2,Tuesday,False,31,2023-08-01,2023-08-31,2023-08-06
2023-08-02,20230802,2,8,August,3,2023Q3,2023,3,Wednesday,False,31,2023-08-01,2023-08-31,2023-08-06
2023-08-03,20230803,3,8,August,3,2023Q3,2023,4,Thursday,False,31,2023-08-01,2023-08-31,2023-08-06
2023-08-04,20230804,4,8,August,3,2023Q3,2023,5,Friday,False,31,2023-08-01,2023-08-31,2023-08-06
2023-08-07,20230807,7,8,August,3,2023Q3,2023,1,Monday,False,32,2023-08-01,2023-08-31,2023-08-13
2023-08-08,20230808,8,8,August,3,2023Q3,2023,2,Tuesday,False,32,2023-08-01,2023-08-31,2023-08-13
2023-08-09,20230809,9,8,August,3,2023Q3,2023,3,Wednesday,False,32,2023-08-01,2023-08-31,2023-08-13
2023-08-10,20230810,10,8,August,3,2023Q3,2023,4,Thursday,False,32,2023-08-01,2023-08-31,2023-08-13
2023-08-11,20230811,11,8,August,3,2023Q3,2023,5,Friday,False,32,2023-08-01,2023-08-31,2023-08-13
2023-08-14,20230814,14,8,August,3,2023Q3,2023,1,Monday,False,33,2023-08-01,2023-08-31,2023-08-20
2023-08-16,20230816,16,8,August,3,2023Q3,2023,3,Wednesday,False,33,2023-08-01,2023-08-31,2023-08-20
2023-08-17,20230817,17,8,August,3,2023Q3,2023,4,Thursday,False,33,2023-08-01,2023-08-31,2023-08-20
2023-08-18,20230818,18,8,August,3,2023Q3,2023,5,Friday,False,33,2023-08-01,2023-08-31,2023-08-20
2023-08-21,20230821,21,8,August,3,2023Q3,2023,1,Monday,False,34,2023-08-01,2023-08-31,2023-08-27
2023-08-22,20230822,22,8,August,3,2023Q3,2023,2,Tuesday,False,34,2023-08-01,2023-08-31,2023-08-27
2023-08-23,20230823,23,8,August,3,2023Q3,2023,3,Wednesday,False,34,2023-08-01,2023-08-31,2023-08-27
2023-08-24,20230824,24,8,August,3,2023Q3,2023,4,Thursday,False,34,2023-08-01,2023-08-31,2023-08-27
2023-08-25,20230825,25,8,August,3,2023Q3,2023,5,Friday,False,34,2023-08-01,2023-08-31,2023-08-27
2023-08-28,20230828,28,8,August,3,2023Q3,2023,1,Monday,False,35,2023-08-01,2023-08-31,2023-09-03
2023-08-29,20230829,29,8,August,3,2023Q3,2023,2,Tuesday,False,35,2023-08-01,2023-08-31,2023-09-03
2023-08-30,20230830,30,8,August,3,2023Q3,2023,3,Wednesday,False,35,2023-08-01,2023-08-31,2023-09-03
2023-08-31,20230831,31,8,August,3,2023Q3,2023,4,Thursday,False,35,2023-08-01,2023-08-31,2023-09-03
2023-09-01,20230901,1,9,September,3,2023Q3,2023,5,Friday,False,35,2023-09-01,2023-09-30,2023-09-03
2023-09-04,20230904,4,9,September,3,2023Q3,2023,1,Monday,False,36,2023-09-01,2023-09-30,2023-09-10
2023-09-05,20230905,5,9,September,3,2023Q3,2023,2,Tuesday,False,36,2023-09-01,2023-09-30,2023-09-10
2023-09-06,20230906,6,9,September,3,2023Q3,2023,3,Wednesday,False,36,2023-09-01,2023-09-30,2023-09-10
2023-09-07,20230907,7,9,September,3,2023Q3,2023,4,Thursday,False,36,2023-09-01,2023-09-30,2023-09-10
2023-09-08,20230908,8,9,September,3,2023Q3,2023,5,Friday,False,36,2023-09-01,2023-09-30,2023-09-10
2023-09-11,20230911,11,9,September,3,2023Q3,2023,1,Monday,False,37,2023-09-01,2023-09-30,2023-09-17
2023-09-12,20230912,12,9,September,3,2023Q3,2023,2,Tuesday,False,37,2023-09-01,2023-09-30,2023-09-17
2023-09-13,20230913,13,9,September,3,2023Q3,2023,3,Wednesday,False,37,2023-09-01,2023-09-30,2023-09-17
2023-09-14,20230914,14,9,September,3,2023Q3,2023,4,Thursday,False,37,2023-09-01,2023-09-30,2023-09-17
2023-09-15,20230915,15,9,September,3,2023Q3,2023,5,Friday,False,37,2023-09-01,2023-09-30,2023-09-17
2023-09-18,20230918,18,9,September,3,2023Q3,2023,1,Monday,False,38,2023-09-01,2023-09-30,2023-09-24
2023-09-20,20230920,20,9,September,3,2023Q3,2023,3,Wednesday,False,38,2023-09-01,2023-09-30,2023-09-24
2023-09-21,20230921,21,9,September,3,2023Q3,2023,4,Thursday,False,38,2023-09-01,2023-09-30,2023-09-24
2023-09-22,20230922,22,9,September,3,2023Q3,2023,5,Friday,False,38,2023-09-01,2023-09-30,2023-09-24
2023-09-25,20230925,25,9,September,3,2023Q3,2023,1,Monday,False,39,2023-09-01,2023-09-30,2023-10-01
2023-09-26,20230926,26,9,September,3,2023Q3,2023,2,Tuesday,False,39,2023-09-01,2023-09-30,2023-10-01
2023-09-27,20230927,27,9,September,3,2023Q3,2023,3,Wednesday,False,39,2023-09-01,2023-09-30,2023-10-01
2023-09-28,20230928,28,9,September,3,2023Q3,2023,4,Thursday,False,39,2023-09-01,2023-09-30,2023-10-01
2023-09-29,20230929,29,9,September,3,2023Q3,2023,5,Friday,False,39,2023-09-01,2023-09-30,2023-10-01
2023-10-03,20231003,3,10,October,4,2023Q4,2023,2,Tuesday,False,40,2023-10-01,2023-10-31,2023-10-08
2023-10-04,20231004,4,10,October,4,2023Q4,2023,3,Wednesday,False,40,2023-10-01,2023-10-31,2023-10-08
2023-10-05,20231005,5,10,October,4,2023Q4,2023,4,Thursday,False,40,2023-10-01,2023-10-31,2023-10-08
2023-10-06,20231006,6,10,October,4,2023Q4,2023,5,Friday,False,40,2023-10-01,2023-10-31,2023-10-08
2023-10-09,20231009,9,10,October,4,2023Q4,2023,1,Monday,False,41,2023-10-01,2023-10-31,2023-10-15
2023-10-10,20231010,10,10,October,4,2023Q4,2023,2,Tuesday,False,41,2023-10-01,2023-10-31,2023-10-15
2023-10-11,20231011,11,10,October,4,2023Q4,2023,3,Wednesday,False,41,2023-10-01,2023-10-31,2023-10-15
2023-10-12,20231012,12,10,October,4,2023Q4,2023,4,Thursday,False,41,2023-10-01,2023-10-31,2023-10-15
2023-10-13,20231013,13,10,October,4,2023Q4,2023,5,Friday,False,41,2023-10-01,2023-10-31,2023-10-15
2023-10-16,20231016,16,10,October,4,2023Q4,2023,1,Monday,False,42,2023-10-01,2023-10-31,2023-10-22
2023-10-17,20231017,17,10,October,4,2023Q4,2023,2,Tuesday,False,42,2023-10-01,2023-10-31,2023-10-22
2023-10-18,20231018,18,10,October,4,2023Q4,2023,3,Wednesday,False,42,2023-10-01,2023-10-31,2023-10-22
2023-10-19,20231019,19,10,October,4,2023Q4,2023,4,Thursday,False,42,2023-10-01,2023-10-31,2023-10-22
2023-10-20,20231020,20,10,October,4,2023Q4,2023,5,Friday,False,42,2023-10-01,2023-10-31,2023-10-22
2023-10-23,20231023,23,10,October,4,2023Q4,2023,1,Monday,False,43,2023-10-01,2023-10-31,2023-10-29
2023-10-25,20231025,25,10,October,4,2023Q4,2023,3,Wednesday,False,43,2023-10-01,2023-10-31,2023-10-29
2023-10-26,20231026,26,10,October,4,2023Q4,2023,4,Thursday,False,43,2023-10-01,2023-10-31,2023-10-29
2023-10-27,20231027,27,10,October,4,2023Q4,2023,5,Friday,False,43,2023-10-01,2023-10-31,2023-10-29
2023-10-30,20231030,30,10,October,4,2023Q4,2023,1,Monday,False,44,2023-10-01,2023-10-31,2023-11-05
2023-10-31,20231031,31,10,October,4,2023Q4,2023,2,Tuesday,False,44,2023-10-01,2023-10-31,2023-11-05
2023-11-01,20231101,1,11,November,4,2023Q4,2023,3,Wednesday,False,44,2023-11-01,2023-11-30,2023-11-05
2023-11-02,20231102,2,11,November,4,2023Q4,2023,4,Thursday,False,44,2023-11-01,2023-11-30,2023-11-05
2023-11-03,20231103,3,11,November,4,2023Q4,2023,5,Friday,False,44,2023-11-01,2023-11-30,2023-11-05
2023-11-06,20231106,6,11,November,4,2023Q4,2023,1,Monday,False,45,2023-11-01,2023-11-30,2023-11-12
2023-11-07,20231107,7,11,November,4,2023Q4,2023,2,Tuesday,False,45,2023-11-01,2023-11-30,2023-11-12
2023-11-08,20231108,8,11,November,4,2023Q4,2023,3,Wednesday,False,45,2023-11-01,2023-11-30,2023-11-12
2023-11-09,20231109,9,11,November,4,2023Q4,2023,4,Thursday,False,45,2023-11-01,2023-11-30,2023-11-12
2023-11-10,20231110,10,11,November,4,2023Q4,2023,5,Friday,False,45,2023-11-01,2023-11-30,2023-11-12
2023-11-13,20231113,13,11,November,4,2023Q4,2023,1,Monday,False,46,2023-11-01,2023-11-30,2023-11-19
2023-11-15,20231115,15,11,November,4,2023Q4,2023,3,Wednesday,False,46,2023-11-01,2023-11-30,2023-11-19
2023-11-16,20231116,16,11,November,4,2023Q4,2023,4,Thursday,False,46,2023-11-01,2023-11-30,2023-11-19
2023-11-17,20231117,17,11,November,4,2023Q4,2023,5,Friday,False,46,2023-11-01,2023-11-30,2023-11-19
2023-11-20,20231120,20,11,November,4,2023Q4,2023,1,Monday,False,47,2023-11-01,2023-11-30,2023-11-26
2023-11-21,20231121,21,11,November,4,2023Q4,2023,2,Tuesday,False,47,2023-11-01,2023-11-30,2023-11-26
2023-11-22,20231122,22,11,November,4,2023Q4,2023,3,Wednesday,False,47,2023-11-01,2023-11-30,2023-11-26
2023-11-23,20231123,23,11,November,4,2023Q4,2023,4,Thursday,False,47,2023-11-01,2023-11-30,2023-11-26
2023-11-24,20231124,24,11,November,4,2023Q4,2023,5,Friday,False,47,2023-11-01,2023-11-30,2023-11-26
2023-11-28,20231128,28,11,November,4,2023Q4,2023,2,Tuesday,False,48,2023-11-01,2023-11-30,2023-12-03
2023-11-29,20231129,29,11,November,4,2023Q4,2023,3,Wednesday,False,48,2023-11-01,2023-11-30,2023-12-03
2023-11-30,20231130,30,11,November,4,2023Q4,2023,4,Thursday,False,48,2023-11-01,2023-11-30,2023-12-03
2023-12-01,20231201,1,12,December,4,2023Q4,2023,5,Friday,False,48,2023-12-01,2023-12-31,2023-12-03
2023-12-04,20231204,4,12,December,4,2023Q4,2023,1,Monday,False,49,2023-12-01,2023-12-31,2023-12-10
2023-12-05,20231205,5,12,December,4,2023Q4,2023,2,Tuesday,False,49,2023-12-01,2023-12-31,2023-12-10
2023-12-06,20231206,6,12,December,4,2023Q4,2023,3,Wednesday,False,49,2023-12-01,2023-12-31,2023-12-10
2023-12-07,20231207,7,12,December,4,2023Q4,2023,4,Thursday,False,49,2023-12-01,2023-12-31,2023-12-10
2023-12-08,20231208,8,12,December,4,2023Q4,2023,5,Friday,False,49,2023-12-01,2023-12-31,2023-12-10
2023-12-11,20231211,11,12,December,4,2023Q4,2023,1,Monday,False,50,2023-12-01,2023-12-31,2023-12-17
2023-12-12,20231212,12,12,December,4,2023Q4,2023,2,Tuesday,False,50,2023-12-01,2023-12-31,2023-12-17
2023-12-13,20231213,13,12,December,4,2023Q4,2023,3,Wednesday,False,50,2023-12-01,2023-12-31,2023-12-17
2023-12-14,20231214,14,12,December,4,2023Q4,2023,4,Thursday,False,50,2023-12-01,2023-12-31,2023-12-17
2023-12-15,20231215,15,12,December,4,2023Q4,2023,5,Friday,False,50,2023-12-01,2023-12-31,2023-12-17
2023-12-18,20231218,18,12,December,4,2023Q4,2023,1,Monday,False,51,2023-12-01,2023-12-31,2023-12-24
2023-12-19,20231219,19,12,December,4,2023Q4,2023,2,Tuesday,False,51,2023-12-01,2023-12-31,2023-12-24
2023-12-20,20231220,20,12,December,4,2023Q4,2023,3,Wednesday,False,51,2023-12-01,2023-12-31,2023-12-24
2023-12-21,20231221,21,12,December,4,2023Q4,2023,4,Thursday,False,51,2023-12-01,2023-12-31,2023-12-24
2023-12-22,20231222,22,12,December,4,2023Q4,2023,5,Friday,False,51,2023-12-01,2023-12-31,2023-12-24
2023-12-26,20231226,26,12,December,4,2023Q4,2023,2,Tuesday,False,52,2023-12-01,2023-12-31,2023-12-31
2023-12-27,20231227,27,12,December,4,2023Q4,2023,3,Wednesday,False,52,2023-12-01,2023-12-31,2023-12-31
2023-12-28,20231228,28,12,December,4,2023Q4,2023,4,Thursday,False,52,2023-12-01,2023-12-31,2023-12-31
2023-12-29,20231229,29,12,December,4,2023Q4,2023,5,Friday,False,52,2023-12-01,2023-12-31,2023-12-31
2024-01-01,20240101,1,1,January,1,2024Q1,2024,1,Monday,False,1,2024-01-01,2024-01-31,2024-01-07
2024-01-02,20240102,2,1,January,1,2024Q1,2024,2,Tuesday,False,1,2024-01-01,2024-01-31,2024-01-07
2024-01-03,20240103,3,1,January,1,2024Q1,2024,3,Wednesday,False,1,2024-01-01,2024-01-31,2024-01-07
2024-01-04,20240104,4,1,January,1,2024Q1,2024,4,Thursday,False,1,2024-01-01,2024-01-31,2024-01-07
2024-01-05,20240105,5,1,January,1,2024Q1,2024,5,Friday,False,1,2024-01-01,2024-01-31,2024-01-07
2024-01-08,20240108,8,1,January,1,2024Q1,2024,1,Monday,False,2,2024-01-01,2024-01-31,2024-01-14
2024-01-09,20240109,9,1,January,1,2024Q1,2024,2,Tuesday,False,2,2024-01-01,2024-01-31,2024-01-14
2024-01-10,20240110,10,1,January,1,2024Q1,2024,3,Wednesday,False,2,2024-01-01,2024-01-31,2024-01-14
2024-01-11,20240111,11,1,January,1,2024Q1,2024,4,Thursday,False,2,2024-01-01,2024-01-31,2024-01-14
2024-01-12,20240112,12,1,January,1,2024Q1,2024,5,Friday,False,2,2024-01-01,2024-01-31,2024-01-14
2024-01-15,20240115,15,1,January,1,2024Q1,2024,1,Monday,False,3,2024-01-01,2024-01-31,2024-01-21
2024-01-16,20240116,16,1,January,1,2024Q1,2024,2,Tuesday,False,3,2024-01-01,2024-01-31,2024-01-21
2024-01-17,20240117,17,1,January,1,2024Q1,2024,3,Wednesday,False,3,2024-01-01,2024-01-31,2024-01-21
2024-01-18,20240118,18,1,January,1,2024Q1,2024,4,Thursday,False,3,2024-01-01,2024-01-31,2024-01-21
2024-01-19,20240119,19,1,January,1,2024Q1,2024,5,Friday,False,3,2024-01-01,2024-01-31,2024-01-21
2024-01-23,20240123,23,1,January,1,2024Q1,2024,2,Tuesday,False,4,2024-01-01,2024-01-31,2024-01-28
2024-01-24,20240124,24,1,January,1,2024Q1,2024,3,Wednesday,False,4,2024-01-01,2024-01-31,2024-01-28
2024-01-25,20240125,25,1,January,1,2024Q1,2024,4,Thursday,False,4,2024-01-01,2024-01-31,2024-01-28
2024-01-29,20240129,29,1,January,1,2024Q1,2024,1,Monday,False,5,2024-01-01,2024-01-31,2024-02-04
2024-01-30,20240130,30,1,January,1,2024Q1,2024,2,Tuesday,False,5,2024-01-01,2024-01-31,2024-02-04
2024-01-31,20240131,31,1,January,1,2024Q1,2024,3,Wednesday,False,5,2024-01-01,2024-01-31,2024-02-04
2024-02-01,20240201,1,2,February,1,2024Q1,2024,4,Thursday,False,5,2024-02-01,2024-02-29,2024-02-04
2024-02-02,20240202,2,2,February,1,2024Q1,2024,5,Friday,False,5,2024-02-01,2024-02-29,2024-02-04
2024-02-05,20240205,5,2,February,1,2024Q1,2024,1,Monday,False,6,2024-02-01,2024-02-29,2024-02-11
2024-02-06,20240206,6,2,February,1,2024Q1,2024,2,Tuesday,False,6,2024-02-01,2024-02-29,2024-02-11
2024-02-07,20240207,7,2,February,1,2024Q1,2024,3,Wednesday,False,6,2024-02-01,2024-02-29,2024-02-11
2024-02-08,20240208,8,2,February,1,2024Q1,2024,4,Thursday,False,6,2024-02-01,2024-02-29,2024-02-11
2024-02-09,20240209,9,2,February,1,2024Q1,2024,5,Friday,False,6,2024-02-01,2024-02-29,2024-02-11
2024-02-12,20240212,12,2,February,1,2024Q1,2024,1,Monday,False,7,2024-02-01,2024-02-29,2024-02-18
2024-02-13,20240213,13,2,February,1,2024Q1,2024,2,Tuesday,False,7,2024-02-01,2024-02-29,2024-02-18
2024-02-14,20240214,14,2,February,1,2024Q1,2024,3,Wednesday,False,7,2024-02-01,2024-02-29,2024-02-18
2024-02-15,20240215,15,2,February,1,2024Q1,2024,4,Thursday,False,7,2024-02-01,2024-02-29,2024-02-18
2024-02-16,20240216,16,2,February,1,2024Q1,2024,5,Friday,False,7,2024-02-01,2024-02-29,2024-02-18
2024-02-19,20240219,19,2,February,1,2024Q1,2024,1,Monday,False,8,2024-02-01,2024-02-29,2024-02-25
2024-02-20,20240220,20,2,February,1,2024Q1,2024,2,Tuesday,False,8,2024-02-01,2024-02-29,2024-02-25
2024-02-21,20240221,21,2,February,1,2024Q1,2024,3,Wednesday,False,8,2024-02-01,2024-02-29,2024-02-25
2024-02-22,20240222,22,2,February,1,2024Q1,2024,4,Thursday,False,8,2024-02-01,2024-02-29,2024-02-25
2024-02-23,20240223,23,2,February,1,2024Q1,2024,5,Friday,False,8,2024-02-01,2024-02-29,2024-02-25
2024-02-26,20240226,26,2,February,1,2024Q1,2024,1,Monday,False,9,2024-02-01,2024-02-29,2024-03-03
2024-02-27,20240227,27,2,February,1,2024Q1,2024,2,Tuesday,False,9,2024-02-01,2024-02-29,2024-03-03
2024-02-28,20240228,28,2,February,1,2024Q1,2024,3,Wednesday,False,9,2024-02-01,2024-02-29,2024-03-03
2024-02-29,20240229,29,2,February,1,2024Q1,2024,4,Thursday,False,9,2024-02-01,2024-02-29,2024-03-03
2024-03-01,20240301,1,3,March,1,2024Q1,2024,5,Friday,False,9,2024-03-01,2024-03-31,2024-03-03
2024-03-04,20240304,4,3,March,1,2024Q1,2024,1,Monday,False,10,2024-03-01,2024-03-31,2024-03-10
2024-03-05,20240305,5,3,March,1,2024Q1,2024,2,Tuesday,False,10,2024-03-01,2024-03-31,2024-03-10
2024-03-06,20240306,6,3,March,1,2024Q1,2024,3,Wednesday,False,10,2024-03-01,2024-03-31,2024-03-10
2024-03-07,20240307,7,3,March,1,2024Q1,2024,4,Thursday,False,10,2024-03-01,2024-03-31,2024-03-10
2024-03-11,20240311,11,3,March,1,2024Q1,2024,1,Monday,False,11,2024-03-01,2024-03-31,2024-03-17
2024-03-12,20240312,12,3,March,1,2024Q1,2024,2,Tuesday,False,11,2024-03-01,2024-03-31,2024-03-17
2024-03-13,20240313,13,3,March,1,2024Q1,2024,3,Wednesday,False,11,2024-03-01,2024-03-31,2024-03-17
2024-03-14,20240314,14,3,March,1,2024Q1,2024,4,Thursday,False,11,2024-03-01,2024-03-31,2024-03-17
2024-03-15,20240315,15,3,March,1,2024Q1,2024,5,Friday,False,11,2024-03-01,2024-03-31,2024-03-17
2024-03-18,20240318,18,3,March,1,2024Q1,2024,1,Monday,False,12,2024-03-01,2024-03-31,2024-03-24
2024-03-19,20240319,19,3,March,1,2024Q1,2024,2,Tuesday,False,12,2024-03-01,2024-03-31,2024-03-24
2024-03-20,20240320,20,3,March,1,2024Q1,2024,3,Wednesday,False,12,2024-03-01,2024-03-31,2024-03-24
2024-03-21,20240321,21,3,March,1,2024Q1,2024,4,Thursday,False,12,2024-03-01,2024-03-31,2024-03-24
2024-03-22,20240322,22,3,March,1,2024Q1,2024,5,Friday,False,12,2024-03-01,2024-03-31,2024-03-24
2024-03-26,20240326,26,3,March,1,2024Q1,2024,2,Tuesday,False,13,2024-03-01,2024-03-31,2024-03-31
2024-03-27,20240327,27,3,March,1,2024Q1,2024,3,Wednesday,False,13,2024-03-01,2024-03-31,2024-03-31
2024-03-28,20240328,28,3,March,1,2024Q1,2024,4,Thursday,False,13,2024-03-01,2024-03-31,2024-03-31
2024-04-01,20240401,1,4,April,2,2024Q2,2024,1,Monday,False,14,2024-04-01,2024-04-30,2024-04-07
2024-04-02,20240402,2,4,April,2,2024Q2,2024,2,Tuesday,False,14,2024-04-01,2024-04-30,2024-04-07
2024-04-03,20240403,3,4,April,2,2024Q2,2024,3,Wednesday,False,14,2024-04-01,2024-04-30,2024-04-07
2024-04-04,20240404,4,4,April,2,2024Q2,2024,4,Thursday,False,14,2024-04-01,2024-04-30,2024-04-07
2024-04-05,20240405,5,4,April,2,2024Q2,2024,5,Friday,False,14,2024-04-01,2024-04-30,2024-04-07
2024-04-08,20240408,8,4,April,2,2024Q2,2024,1,Monday,False,15,2024-04-01,2024-04-30,2024-04-14
2024-04-09,20240409,9,4,April,2,2024Q2,2024,2,Tuesday,False,15,2024-04-01,2024-04-30,2024-04-14
2024-04-10,20240410,10,4,April,2,2024Q2,2024,3,Wednesday,False,15,2024-04-01,2024-04-30,2024-04-14
2024-04-12,20240412,12,4,April,2,2024Q2,2024,5,Friday,False,15,2024-04-01,2024-04-30,2024-04-14
2024-04-15,20240415,15,4,April,2,2024Q2,2024,1,Monday,False,16,2024-04-01,2024-04-30,2024-04-21
2024-04-16,20240416,16,4,April,2,2024Q2,2024,2,Tuesday,False,16,2024-04-01,2024-04-30,2024-04-21
2024-04-18,20240418,18,4,April,2,2024Q2,2024,4,Thursday,False,16,2024-04-01,2024-04-30,2024-04-21
2024-04-19,20240419,19,4,April,2,2024Q2,2024,5,Friday,False,16,2024-04-01,2024-04-30,2024-04-21
2024-04-22,20240422,22,4,April,2,2024Q2,2024,1,Monday,False,17,2024-04-01,2024-04-30,2024-04-28
2024-04-23,20240423,23,4,April,2,2024Q2,2024,2,Tuesday,False,17,2024-04-01,2024-04-30,2024-04-28
2024-04-24,20240424,24,4,April,2,2024Q2,2024,3,Wednesday,False,17,2024-04-01,2024-04-30,2024-04-28
2024-04-25,20240425,25,4,April,2,2024Q2,2024,4,Thursday,False,17,2024-04-01,2024-04-30,2024-04-28
2024-04-26,20240426,26,4,April,2,2024Q2,2024,5,Friday,False,17,2024-04-01,2024-04-30,2024-04-28
2024-04-29,20240429,29,4,April,2,2024Q2,2024,1,Monday,False,18,2024-04-01,2024-04-30,2024-05-05
2024-04-30,20240430,30,4,April,2,2024Q2,2024,2,Tuesday,False,18,2024-04-01,2024-04-30,2024-05-05
2024-05-02,20240502,2,5,May,2,2024Q2,2024,4,Thursday,False,18,2024-05-01,2024-05-31,2024-05-05
2024-05-03,20240503,3,5,May,2,2024Q2,2024,5,Friday,False,18,2024-05-01,2024-05-31,2024-05-05
2024-05-06,20240506,6,5,May,2,2024Q2,2024,1,Monday,False,19,2024-05-01,2024-05-31,2024-05-12
2024-05-07,20240507,7,5,May,2,2024Q2,2024,2,Tuesday,False,19,2024-05-01,2024-05-31,2024-05-12
2024-05-08,20240508,8,5,May,2,2024Q2,2024,3,Wednesday,False,19,2024-05-01,2024-05-31,2024-05-12
2024-05-09,20240509,9,5,May,2,2024Q2,2024,4,Thursday,False,19,2024-05-01,2024-05-31,2024-05-12
2024-05-10,20240510,10,5,May,2,2024Q2,2024,5,Friday,False,19,2024-05-01,2024-05-31,2024-05-12
2024-05-13,20240513,13,5,May,2,2024Q2,2024,1,Monday,False,20,2024-05-01,2024-05-31,2024-05-19
2024-05-14,20240514,14,5,May,2,2024Q2,2024,2,Tuesday,False,20,2024-05-01,2024-05-31,2024-05-19
2024-05-15,20240515,15,5,May,2,2024Q2,2024,3,Wednesday,False,20,2024-05-01,2024-05-31,2024-05-19
2024-05-16,20240516,16,5,May,2,2024Q2,2024,4,Thursday,False,20,2024-05-01,2024-05-31,2024-05-19
2024-05-17,20240517,17,5,May,2,2024Q2,2024,5,Friday,False,20,2024-05-01,2024-05-31,2024-05-19
2024-05-21,20240521,21,5,May,2,2024Q2,2024,2,Tuesday,False,21,2024-05-01,2024-05-31,2024-05-26
2024-05-22,20240522,22,5,May,2,2024Q2,2024,3,Wednesday,False,21,2024-05-01,2024-05-31,2024-05-26
2024-05-23,20240523,23,5,May,2,2024Q2,2024,4,Thursday,False,21,2024-05-01,2024-05-31,2024-05-26
2024-05-24,20240524,24,5,May,2,2024Q2,2024,5,Friday,False,21,2024-05-01,2024-05-31,2024-05-26
2024-05-27,20240527,27,5,May,2,2024Q2,2024,1,Monday,False,22,2024-05-01,2024-05-31,2024-06-02
2024-05-28,20240528,28,5,May,2,2024Q2,2024,2,Tuesday,False,22,2024-05-01,2024-05-31,2024-06-02
2024-05-29,20240529,29,5,May,2,2024Q2,2024,3,Wednesday,False,22,2024-05-01,2024-05-31,2024-06-02
2024-05-30,20240530,30,5,May,2,2024Q2,2024,4,Thursday,False,22,2024-05-01,2024-05-31,2024-06-02
2024-05-31,20240531,31,5,May,2,2024Q2,2024,5,Friday,False,22,2024-05-01,2024-05-31,2024-06-02
2024-06-03,20240603,3,6,June,2,2024Q2,2024,1,Monday,False,23,2024-06-01,2024-06-30,2024-06-09
2024-06-04,20240604,4,6,June,2,2024Q2,2024,2,Tuesday,False,23,2024-06-01,2024-06-30,2024-06-09
2024-06-05,20240605,5,6,June,2,2024Q2,2024,3,Wednesday,False,23,2024-06-01,2024-06-30,2024-06-09
2024-06-06,20240606,6,6,June,2,2024Q2,2024,4,Thursday,False,23,2024-06-01,2024-06-30,2024-06-09
2024-06-07,20240607,7,6,June,2,2024Q2,2024,5,Friday,False,23,2024-06-01,2024-06-30,2024-06-09
2024-06-10,20240610,10,6,June,2,2024Q2,2024,1,Monday,False,24,2024-06-01,2024-06-30,2024-06-16
2024-06-11,20240611,11,6,June,2,2024Q2,2024,2,Tuesday,False,24,2024-06-01,2024-06-30,2024-06-16
2024-06-12,20240612,12,6,June,2,2024Q2,2024,3,Wednesday,False,24,2024-06-01,2024-06-30,2024-06-16
2024-06-13,20240613,13,6,June,2,2024Q2,2024,4,Thursday,False,24,2024-06-01,2024-06-30,2024-06-16
2024-06-14,20240614,14,6,June,2,2024Q2,2024,5,Friday,False,24,2024-06-01,2024-06-30,2024-06-16
2024-06-18,20240618,18,6,June,2,2024Q2,2024,2,Tuesday,False,25,2024-06-01,2024-06-30,2024-06-23
2024-06-19,20240619,19,6,June,2,2024Q2,2024,3,Wednesday,False,25,2024-06-01,2024-06-30,2024-06-23
2024-06-20,20240620,20,6,June,2,2024Q2,2024,4,Thursday,False,25,2024-06-01,2024-06-30,2024-06-23
2024-06-21,20240621,21,6,June,2,2024Q2,2024,5,Friday,False,25,2024-06-01,2024-06-30,2024-06-23
2024-06-24,20240624,24,6,June,2,2024Q2,2024,1,Monday,False,26,2024-06-01,2024-06-30,2024-06-30
2024-06-25,20240625,25,6,June,2,2024Q2,2024,2,Tuesday,False,26,2024-06-01,2024-06-30,2024-06-30
2024-06-26,20240626,26,6,June,2,2024Q2,2024,3,Wednesday,False,26,2024-06-01,2024-06-30,2024-06-30
2024-06-27,20240627,27,6,June,2,2024Q2,2024,4,Thursday,False,26,2024-06-01,2024-06-30,2024-06-30
2024-06-28,20240628,28,6,June,2,2024Q2,2024,5,Friday,False,26,2024-06-01,2024-06-30,2024-06-30
2024-07-01,20240701,1,7,July,3,2024Q3,2024,1,Monday,False,27,2024-07-01,2024-07-31,2024-07-07
2024-07-02,20240702,2,7,July,3,2024Q3,2024,2,Tuesday,False,27,2024-07-01,2024-07-31,2024-07-07
2024-07-03,20240703,3,7,July,3,2024Q3,2024,3,Wednesday,False,27,2024-07-01,2024-07-31,2024-07-07
2024-07-04,20240704,4,7,July,3,2024Q3,2024,4,Thursday,False,27,2024-07-01,2024-07-31,2024-07-07
2024-07-05,20240705,5,7,July,3,2024Q3,2024,5,Friday,False,27,2024-07-01,2024-07-31,2024-07-07
2024-07-08,20240708,8,7,July,3,2024Q3,2024,1,Monday,False,28,2024-07-01,2024-07-31,2024-07-14
2024-07-09,20240709,9,7,July,3,2024Q3,2024,2,Tuesday,False,28,2024-07-01,2024-07-31,2024-07-14
2024-07-10,20240710,10,7,July,3,2024Q3,2024,3,Wednesday,False,28,2024-07-01,2024-07-31,2024-07-14
2024-07-11,20240711,11,7,July,3,2024Q3,2024,4,Thursday,False,28,2024-07-01,2024-07-31,2024-07-14
2024-07-12,20240712,12,7,July,3,2024Q3,2024,5,Friday,False,28,2024-07-01,2024-07-31,2024-07-14
2024-07-15,20240715,15,7,July,3,2024Q3,2024,1,Monday,False,29,2024-07-01,2024-07-31,2024-07-21
2024-07-16,20240716,16,7,July,3,2024Q3,2024,2,Tuesday,False,29,2024-07-01,2024-07-31,2024-07-21
2024-07-18,20240718,18,7,July,3,2024Q3,2024,4,Thursday,False,29,2024-07-01,2024-07-31,2024-07-21
2024-07-19,20240719,19,7,July,3,2024Q3,2024,5,Friday,False,29,2024-07-01,2024-07-31,2024-07-21
2024-07-22,20240722,22,7,July,3,2024Q3,2024,1,Monday,False,30,2024-07-01,2024-07-31,2024-07-28
2024-07-23,20240723,23,7,July,3,2024Q3,2024,2,Tuesday,False,30,2024-07-01,2024-07-31,2024-07-28
2024-07-24,20240724,24,7,July,3,2024Q3,2024,3,Wednesday,False,30,2024-07-01,2024-07-31,2024-07-28
2024-07-25,20240725,25,7,July,3,2024Q3,2024,4,Thursday,False,30,2024-07-01,2024-07-31,2024-07-28
2024-07-26,20240726,26,7,July,3,2024Q3,2024,5,Friday,False,30,2024-07-01,2024-07-31,2024-07-28
2024-07-29,20240729,29,7,July,3,2024Q3,2024,1,Monday,False,31,2024-07-01,2024-07-31,2024-08-04
2024-07-30,20240730,30,7,July,3,2024Q3,2024,2,Tuesday,False,31,2024-07-01,2024-07-31,2024-08-04
2024-07-31,20240731,31,7,July,3,2024Q3,2024,3,Wednesday,False,31,2024-07-01,2024-07-31,2024-08-04
2024-08-01,20240801,1,8,August,3,2024Q3,2024,4,Thursday,False,31,2024-08-01,2024-08-31,2024-08-04
2024-08-02,20240802,2,8,August,3,2024Q3,2024,5,Friday,False,31,2024-08-01,2024-08-31,2024-08-04
2024-08-05,20240805,5,8,August,3,2024Q3,2024,1,Monday,False,32,2024-08-01,2024-08-31,2024-08-11
2024-08-06,20240806,6,8,August,3,2024Q3,2024,2,Tuesday,False,32,2024-08-01,2024-08-31,2024-08-11
2024-08-07,20240807,7,8,August,3,2024Q3,2024,3,Wednesday,False,32,2024-08-01,2024-08-31,2024-08-11
2024-08-08,20240808,8,8,August,3,2024Q3,2024,4,Thursday,False,32,2024-08-01,2024-08-31,2024-08-11
2024-08-09,20240809,9,8,August,3,2024Q3,2024,5,Friday,False,32,2024-08-01,2024-08-31,2024-08-11
2024-08-12,20240812,12,8,August,3,2024Q3,2024,1,Monday,False,33,2024-08-01,2024-08-31,2024-08-18
2024-08-13,20240813,13,8,August,3,2024Q3,2024,2,Tuesday,False,33,2024-08-01,2024-08-31,2024-08-18
2024-08-14,20240814,14,8,August,3,2024Q3,2024,3,Wednesday,False,33,2024-08-01,2024-08-31,2024-08-18
2024-08-16,20240816,16,8,August,3,2024Q3,2024,5,Friday,False,33,2024-08-01,2024-08-31,2024-08-18
2024-08-19,20240819,19,8,August,3,2024Q3,2024,1,Monday,False,34,2024-08-01,2024-08-31,2024-08-25
2024-08-20,20240820,20,8,August,3,2024Q3,2024,2,Tuesday,False,34,2024-08-01,2024-08-31,2024-08-25
2024-08-21,20240821,21,8,August,3,2024Q3,2024,3,Wednesday,False,34,2024-08-01,2024-08-31,2024-08-25
2024-08-22,20240822,22,8,August,3,2024Q3,2024,4,Thursday,False,34,2024-08-01,2024-08-31,2024-08-25
2024-08-23,20240823,23,8,August,3,2024Q3,2024,5,Friday,False,34,2024-08-01,2024-08-31,2024-08-25
2024-08-26,20240826,26,8,August,3,2024Q3,2024,1,Monday,False,35,2024-08-01,2024-08-31,2024-09-01
2024-08-27,20240827,27,8,August,3,2024Q3,2024,2,Tuesday,False,35,2024-08-01,2024-08-31,2024-09-01
2024-08-28,20240828,28,8,August,3,2024Q3,2024,3,Wednesday,False,35,2024-08-01,2024-08-31,2024-09-01
2024-08-29,20240829,29,8,August,3,2024Q3,2024,4,Thursday,False,35,2024-08-01,2024-08-31,2024-09-01
2024-08-30,20240830,30,8,August,3,2024Q3,2024,5,Friday,False,35,2024-08-01,2024-08-31,2024-09-01
2024-09-02,20240902,2,9,September,3,2024Q3,2024,1,Monday,False,36,2024-09-01,2024-09-30,2024-09-08
2024-09-03,20240903,3,9,September,3,2024Q3,2024,2,Tuesday,False,36,2024-09-01,2024-09-30,2024-09-08
2024-09-04,20240904,4,9,September,3,2024Q3,2024,3,Wednesday,False,36,2024-09-01,2024-09-30,2024-09-08
2024-09-05,20240905,5,9,September,3,2024Q3,2024,4,Thursday,False,36,2024-09-01,2024-09-30,2024-09-08
2024-09-06,20240906,6,9,September,3,2024Q3,2024,5,Friday,False,36,2024-09-01,2024-09-30,2024-09-08
2024-09-09,20240909,9,9,September,3,2024Q3,2024,1,Monday,False,37,2024-09-01,2024-09-30,2024-09-15
2024-09-10,20240910,10,9,September,3,2024Q3,2024,2,Tuesday,False,37,2024-09-01,2024-09-30,2024-09-15
2024-09-11,20240911,11,9,September,3,2024Q3,2024,3,Wednesday,False,37,2024-09-01,2024-09-30,2024-09-15
2024-09-12,20240912,12,9,September,3,2024Q3,2024,4,Thursday,False,37,2024-09-01,2024-09-30,2024-09-15
2024-09-13,20240913,13,9,September,3,2024Q3,2024,5,Friday,False,37,2024-09-01,2024-09-30,2024-09-15
2024-09-16,20240916,16,9,September,3,2024Q3,2024,1,Monday,False,38,2024-09-01,2024-09-30,2024-09-22
2024-09-17,20240917,17,9,September,3,2024Q3,2024,2,Tuesday,False,38,2024-09-01,2024-09-30,2024-09-22
2024-09-18,20240918,18,9,September,3,2024Q3,2024,3,Wednesday,False,38,2024-09-01,2024-09-30,2024-09-22
2024-09-19,20240919,19,9,September,3,2024Q3,2024,4,Thursday,False,38,2024-09-01,2024-09-30,2024-09-22
2024-09-20,20240920,20,9,September,3,2024Q3,2024,5,Friday,False,38,2024-09-01,2024-09-30,2024-09-22
2024-09-23,20240923,23,9,September,3,2024Q3,2024,1,Monday,False,39,2024-09-01,2024-09-30,2024-09-29
2024-09-24,20240924,24,9,September,3,2024Q3,2024,2,Tuesday,False,39,2024-09-01,2024-09-30,2024-09-29
2024-09-25,20240925,25,9,September,3,2024Q3,2024,3,Wednesday,False,39,2024-09-01,2024-09-30,2024-09-29
2024-09-26,20240926,26,9,September,3,2024Q3,2024,4,Thursday,False,39,2024-09-01,2024-09-30,2024-09-29
2024-09-27,20240927,27,9,September,3,2024Q3,2024,5,Friday,False,39,2024-09-01,2024-09-30,2024-09-29
2024-09-30,20240930,30,9,September,3,2024Q3,2024,1,Monday,False,40,2024-09-01,2024-09-30,2024-10-06
2024-10-01,20241001,1,10,October,4,2024Q4,2024,2,Tuesday,False,40,2024-10-01,2024-10-31,2024-10-06
2024-10-03,20241003,3,10,October,4,2024Q4,2024,4,Thursday,False,40,2024-10-01,2024-10-31,2024-10-06
2024-10-04,20241004,4,10,October,4,2024Q4,2024,5,Friday,False,40,2024-10-01,2024-10-31,2024-10-06
2024-10-07,20241007,7,10,October,4,2024Q4,2024,1,Monday,False,41,2024-10-01,2024-10-31,2024-10-13
2024-10-08,20241008,8,10,October,4,2024Q4,2024,2,Tuesday,False,41,2024-10-01,2024-10-31,2024-10-13
2024-10-09,20241009,9,10,October,4,2024Q4,2024,3,Wednesday,False,41,2024-10-01,2024-10-31,2024-10-13
2024-10-10,20241010,10,10,October,4,2024Q4,2024,4,Thursday,False,41,2024-10-01,2024-10-31,2024-10-13
2024-10-11,20241011,11,10,October,4,2024Q4,2024,5,Friday,False,41,2024-10-01,2024-10-31,2024-10-13
2024-10-14,20241014,14,10,October,4,2024Q4,2024,1,Monday,False,42,2024-10-01,2024-10-31,2024-10-20
2024-10-15,20241015,15,10,October,4,2024Q4,2024,2,Tuesday,False,42,2024-10-01,2024-10-31,2024-10-20
2024-10-16,20241016,16,10,October,4,2024Q4,2024,3,Wednesday,False,42,2024-10-01,2024-10-31,2024-10-20
2024-10-17,20241017,17,10,October,4,2024Q4,2024,4,Thursday,False,42,2024-10-01,2024-10-31,2024-10-20
2024-10-18,20241018,18,10,October,4,2024Q4,2024,5,Friday,False,42,2024-10-01,2024-10-31,2024-10-20
2024-10-21,20241021,21,10,October,4,2024Q4,2024,1,Monday,False,43,2024-10-01,2024-10-31,2024-10-27
2024-10-22,20241022,22,10,October,4,2024Q4,2024,2,Tuesday,False,43,2024-10-01,2024-10-31,2024-10-27
2024-10-23,20241023,23,10,October,4,2024Q4,2024,3,Wednesday,False,43,2024-10-01,2024-10-31,2024-10-27
2024-10-24,20241024,24,10,October,4,2024Q4,2024,4,Thursday,False,43,2024-10-01,2024-10-31,2024-10-27
2024-10-25,20241025,25,10,October,4,2024Q4,2024,5,Friday,False,43,2024-10-01,2024-10-31,2024-10-27
2024-10-28,20241028,28,10,October,4,2024Q4,2024,1,Monday,False,44,2024-10-01,2024-10-31,2024-11-03
2024-10-29,20241029,29,10,October,4,2024Q4,2024,2,Tuesday,False,44,2024-10-01,2024-10-31,2024-11-03
2024-10-30,20241030,30,10,October,4,2024Q4,2024,3,Wednesday,False,44,2024-10-01,2024-10-31,2024-11-03
2024-10-31,20241031,31,10,October,4,2024Q4,2024,4,Thursday,False,44,2024-10-01,2024-10-31,2024-11-03
2024-11-04,20241104,4,11,November,4,2024Q4,2024,1,Monday,False,45,2024-11-01,2024-11-30,2024-11-10
2024-11-05,20241105,5,11,November,4,2024Q4,2024,2,Tuesday,False,45,2024-11-01,2024-11-30,2024-11-10
2024-11-06,20241106,6,11,November,4,2024Q4,2024,3,Wednesday,False,45,2024-11-01,2024-11-30,2024-11-10
2024-11-07,20241107,7,11,November,4,2024Q4,2024,4,Thursday,False,45,2024-11-01,2024-11-30,2024-11-10
2024-11-08,20241108,8,11,November,4,2024Q4,2024,5,Friday,False,45,2024-11-01,2024-11-30,2024-11-10
2024-11-11,20241111,11,11,November,4,2024Q4,2024,1,Monday,False,46,2024-11-01,2024-11-30,2024-11-17
2024-11-12,20241112,12,11,November,4,2024Q4,2024,2,Tuesday,False,46,2024-11-01,2024-11-30,2024-11-17
2024-11-13,20241113,13,11,November,4,2024Q4,2024,3,Wednesday,False,46,2024-11-01,2024-11-30,2024-11-17
2024-11-14,20241114,14,11,November,4,2024Q4,2024,4,Thursday,False,46,2024-11-01,2024-11-30,2024-11-17
2024-11-18,20241118,18,11,November,4,2024Q4,2024,1,Monday,False,47,2024-11-01,2024-11-30,2024-11-24
2024-11-19,20241119,19,11,November,4,2024Q4,2024,2,Tuesday,False,47,2024-11-01,2024-11-30,2024-11-24
2024-11-20,20241120,20,11,November,4,2024Q4,2024,3,Wednesday,False,47,2024-11-01,2024-11-30,2024-11-24
2024-11-21,20241121,21,11,November,4,2024Q4,2024,4,Thursday,False,47,2024-11-01,2024-11-30,2024-11-24
2024-11-22,20241122,22,11,November,4,2024Q4,2024,5,Friday,False,47,2024-11-01,2024-11-30,2024-11-24
2024-11-25,20241125,25,11,November,4,2024Q4,2024,1,Monday,False,48,2024-11-01,2024-11-30,2024-12-01
2024-11-26,20241126,26,11,November,4,2024Q4,2024,2,Tuesday,False,48,2024-11-01,2024-11-30,2024-12-01
2024-11-27,20241127,27,11,November,4,2024Q4,2024,3,Wednesday,False,48,2024-11-01,2024-11-30,2024-12-01
2024-11-28,20241128,28,11,November,4,2024Q4,2024,4,Thursday,False,48,2024-11-01,2024-11-30,2024-12-01
2024-11-29,20241129,29,11,November,4,2024Q4,2024,5,Friday,False,48,2024-11-01,2024-11-30,2024-12-01
2024-12-02,20241202,2,12,December,4,2024Q4,2024,1,Monday,False,49,2024-12-01,2024-12-31,2024-12-08
2024-12-03,20241203,3,12,December,4,2024Q4,2024,2,Tuesday,False,49,2024-12-01,2024-12-31,2024-12-08
2024-12-04,20241204,4,12,December,4,2024Q4,2024,3,Wednesday,False,49,2024-12-01,2024-12-31,2024-12-08
2024-12-05,20241205,5,12,December,4,2024Q4,2024,4,Thursday,False,49,2024-12-01,2024-12-31,2024-12-08
2024-12-06,20241206,6,12,December,4,2024Q4,2024,5,Friday,False,49,2024-12-01,2024-12-31,2024-12-08
2024-12-09,20241209,9,12,December,4,2024Q4,2024,1,Monday,False,50,2024-12-01,2024-12-31,2024-12-15
2024-12-10,20241210,10,12,December,4,2024Q4,2024,2,Tuesday,False,50,2024-12-01,2024-12-31,2024-12-15
2024-12-11,20241211,11,12,December,4,2024Q4,2024,3,Wednesday,False,50,2024-12-01,2024-12-31,2024-12-15
2024-12-12,20241212,12,12,December,4,2024Q4,2024,4,Thursday,False,50,2024-12-01,2024-12-31,2024-12-15
2024-12-13,20241213,13,12,December,4,2024Q4,2024,5,Friday,False,50,2024-12-01,2024-12-31,2024-12-15
2024-12-16,20241216,16,12,December,4,2024Q4,2024,1,Monday,False,51,2024-12-01,2024-12-31,2024-12-22
2024-12-17,20241217,17,12,December,4,2024Q4,2024,2,Tuesday,False,51,2024-12-01,2024-12-31,2024-12-22
2024-12-18,20241218,18,12,December,4,2024Q4,2024,3,Wednesday,False,51,2024-12-01,2024-12-31,2024-12-22
2024-12-19,20241219,19,12,December,4,2024Q4,2024,4,Thursday,False,51,2024-12-01,2024-12-31,2024-12-22
2024-12-20,20241220,20,12,December,4,2024Q4,2024,5,Friday,False,51,2024-12-01,2024-12-31,2024-12-22
2024-12-23,20241223,23,12,December,4,2024Q4,2024,1,Monday,False,52,2024-12-01,2024-12-31,2024-12-29
2024-12-24,20241224,24,12,December,4,2024Q4,2024,2,Tuesday,False,52,2024-12-01,2024-12-31,2024-12-29
2024-12-26,20241226,26,12,December,4,2024Q4,2024,4,Thursday,False,52,2024-12-01,2024-12-31,2024-12-29
2024-12-27,20241227,27,12,December,4,2024Q4,2024,5,Friday,False,52,2024-12-01,2024-12-31,2024-12-29
2024-12-30,20241230,30,12,December,4,2024Q4,2024,1,Monday,False,1,2024-12-01,2024-12-31,2025-01-05
2024-12-31,20241231,31,12,December,4,2024Q4,2024,2,Tuesday,False,1,2024-12-01,2024-12-31,2025-01-05
